{"cameraMode":{"drawMode":0,"name":"Shaded","section":"Shading Mode"},"sceneLighting":false,"audioPlay":false,"sceneViewState":{"showFog":true,"showMaterialUpdate":false,"showSkybox":false,"showFlares":true,"showImageEffects":true,"showParticleSystems":true},"in2DMode":false,"pivot":{"x":32.099998474121097,"y":10.899999618530274,"z":16.399999618530275},"rotation":{"x":0.09295380115509033,"y":0.8400712609291077,"z":-0.15234780311584474,"w":0.5124707818031311},"size":35.84717559814453,"orthographic":false}