{"cameraMode":{"drawMode":0,"name":"Shaded","section":"Shading Mode"},"sceneLighting":false,"audioPlay":false,"sceneViewState":{"showFog":true,"showMaterialUpdate":false,"showSkybox":false,"showFlares":true,"showImageEffects":true,"showParticleSystems":true},"in2DMode":false,"pivot":{"x":6.309999942779541,"y":2.0999999046325685,"z":39.900001525878909},"rotation":{"x":0.063507080078125,"y":0.9334781169891357,"z":-0.28604161739349368,"w":0.20776452124118806},"size":150.5997314453125,"orthographic":false}