{"cameraMode":{"drawMode":0,"name":"Shaded","section":"Shading Mode"},"sceneLighting":false,"audioPlay":false,"sceneViewState":{"showFog":true,"showMaterialUpdate":false,"showSkybox":true,"showFlares":true,"showImageEffects":true,"showParticleSystems":true},"in2DMode":false,"pivot":{"x":-440.60595703125,"y":510.781494140625,"z":552.1678466796875},"rotation":{"x":-0.22510823607444764,"y":-0.48110419511795046,"z":0.12272939831018448,"w":-0.8397786021232605},"size":1034.770263671875,"orthographic":false}